title,type,artist,year,source,source_id,tags,ship_ref,note,url,cover_img,img_note
Need some space?,3D社区,Loïc Norgeot,2019,sketchfab,d6521362b37b48e3a82bce4911409303,空间站|巨构|3D模型|社区人气,3,♥5124 赞 · 462171 浏览。This model is the result of further programming experiments (C++) on m…,https://sketchfab.com/3d-models/none-d6521362b37b48e3a82bce4911409303,https://media.sketchfab.com/models/d6521362b37b48e3a82bce4911409303/thumbnails/4110f13d231a43ec89f534fb84511487/e84b440e5eb745db82a265b3d3203046.jpeg,Sketchfab 渲染图
Star Wars: The Clone Wars: Venator Prefab,3D社区,ShineyFX,2021,sketchfab,8a1e1760391c4ac6a50373c2bf5efa2e,主力舰|巨构|3D模型|社区人气,4,♥2722 赞 · 142579 浏览。This is a free fan resource of the Venator Star Destroyer corridor ins…,https://sketchfab.com/3d-models/none-8a1e1760391c4ac6a50373c2bf5efa2e,https://media.sketchfab.com/models/8a1e1760391c4ac6a50373c2bf5efa2e/thumbnails/b6daed3920e841898474a9488831c16b/3e987cd8b42e4f468bf40f46fd8b7486.jpeg,Sketchfab 渲染图
Sci-fi corridor,3D社区,3dhdscan,2017,sketchfab,5e6240c9b30145b0bf81fd02287985e3,走廊|环境|3D模型|社区人气,1,♥2100 赞 · 74044 浏览。Because today I am 40 and I get nice gifts I decided to give the commu…,https://sketchfab.com/3d-models/none-5e6240c9b30145b0bf81fd02287985e3,https://media.sketchfab.com/models/5e6240c9b30145b0bf81fd02287985e3/thumbnails/d0bf8a8fcfcf4d4c8fe76091f504c135/b834d777e1c546a9b83437d8f74c2ad2.jpeg,Sketchfab 渲染图
Space Station 3,3D社区,re1monsen,2023,sketchfab,a7a6ad10261149cab31aa394bfcf8940,空间站|巨构|3D模型|社区人气,3,♥1760 赞 · 71063 浏览。Drag and Drop and you are good to go. 4k Textures.  You can also find …,https://sketchfab.com/3d-models/none-a7a6ad10261149cab31aa394bfcf8940,https://media.sketchfab.com/models/a7a6ad10261149cab31aa394bfcf8940/thumbnails/a6b62933bcce43e3b801cf5a3e36ece3/d8a67ca49b54453ea6bb19170accbf4b.jpeg,Sketchfab 渲染图
Armpit City,3D社区,WillBrapLane,2020,sketchfab,960a3a67c1ee437c8e758287185b2396,城市|氛围|3D模型|社区人气,1,♥1423 赞 · 41095 浏览。The lower levels of a sprawling metropolis. Government issue housing p…,https://sketchfab.com/3d-models/none-960a3a67c1ee437c8e758287185b2396,https://media.sketchfab.com/models/960a3a67c1ee437c8e758287185b2396/thumbnails/5d1e0c3c991a46fc86549580e0b6512f/74a6108672b248cfabbe754f810dfe71.jpeg,Sketchfab 渲染图
D.S.S. Harbinger battle cruiser,3D社区,Comrade1280,2017,sketchfab,474f62d00ed54212b37f93ce91569c53,主力舰|巨构|3D模型|社区人气,4,♥1405 赞 · 53389 浏览。A good old workhorse of the Directorate Navy. It was constructed as ve…,https://sketchfab.com/3d-models/none-474f62d00ed54212b37f93ce91569c53,https://media.sketchfab.com/models/474f62d00ed54212b37f93ce91569c53/thumbnails/944a1de744f4471c837d1ce95fed4c5d/7bbf7a76f7ed48c1920a78ac2098a431.jpeg,Sketchfab 渲染图
Tattoine Buildings Kitbash,3D社区,chuckcg,2023,sketchfab,b5a2140fa2264bac8a4b6de3693272b6,城市|氛围|3D模型|社区人气,1,♥1349 赞 · 34018 浏览。Star wars kitbash pack  a collection of architecture and props from Mo…,https://sketchfab.com/3d-models/none-b5a2140fa2264bac8a4b6de3693272b6,https://media.sketchfab.com/models/b5a2140fa2264bac8a4b6de3693272b6/thumbnails/998ba6a9bbc744c996cfe9fa04083482/a81fe9da5de345be9ebe1b9e3a08812b.jpeg,Sketchfab 渲染图
Sci-Fi Hanger,3D社区,dylanheyes,2022,sketchfab,8f10be0e8b5644e1845a2a5f12af5d6c,空间站|巨构|3D模型|社区人气,3,♥1311 赞 · 51969 浏览。Low poly Sci-Fi Hanger which I made in my spare time. Perfect for spac…,https://sketchfab.com/3d-models/none-8f10be0e8b5644e1845a2a5f12af5d6c,https://media.sketchfab.com/models/8f10be0e8b5644e1845a2a5f12af5d6c/thumbnails/5abc35a7431c48fb809be573fc4adb9c/bf16b3a8e09141679c968e56e5265558.jpeg,Sketchfab 渲染图
Space Station Scene HD,3D社区,3DHaupt,2016,sketchfab,854c32b570d8498fa0cca4fe3350ccf9,空间站|巨构|3D模型|社区人气,3,♥1214 赞 · 57678 浏览。Here's an animated space station scene I made in 2016 for the[ Sketchf…,https://sketchfab.com/3d-models/none-854c32b570d8498fa0cca4fe3350ccf9,https://media.sketchfab.com/models/854c32b570d8498fa0cca4fe3350ccf9/thumbnails/307554ad4bd44edfb7d9cac7cabff3a6/2c983dc2f3eb471c8f8abef29173820c.jpeg,Sketchfab 渲染图
Sci-Fi Spaceship Bridge,3D社区,dylanheyes,2022,sketchfab,aaa5259e54e14c79936df3d127644287,空间站|巨构|3D模型|社区人气,3,♥1145 赞 · 43878 浏览。Simple Low-Poly Sci-Fi Spaceship/Starship bridge that I made in my spa…,https://sketchfab.com/3d-models/none-aaa5259e54e14c79936df3d127644287,https://media.sketchfab.com/models/aaa5259e54e14c79936df3d127644287/thumbnails/cff400ed14cb467b904e992b9a3582df/cec674502f1c4555afaf71052b292e61.jpeg,Sketchfab 渲染图
3D T.I.E Fighter - Star Wars model,3D社区,Mickael Boitte,2016,sketchfab,5375de94c2484ab0b2a2bd75aa63c2b4,飞船|外形|3D模型|社区人气,2,"♥1141 赞 · 67114 浏览。# TIE FIGHTER  Please, if you download it, don't forget to leave a lik…",https://sketchfab.com/3d-models/none-5375de94c2484ab0b2a2bd75aa63c2b4,https://media.sketchfab.com/models/5375de94c2484ab0b2a2bd75aa63c2b4/thumbnails/0ff3b3397a1f4916b7b6f90f4009090c/1024x576.jpeg,Sketchfab 渲染图
Sci-Fi Space Station,3D社区,Helindu,2020,sketchfab,f6b9106fffc64fec93cabc17492cb2e4,空间站|巨构|3D模型|社区人气,3,"♥1109 赞 · 48829 浏览。A model of a Sci-Fi Space Station ,modeled in Blender ,highly detailed…",https://sketchfab.com/3d-models/none-f6b9106fffc64fec93cabc17492cb2e4,https://media.sketchfab.com/models/f6b9106fffc64fec93cabc17492cb2e4/thumbnails/6aa7c4d7887943479159dba0836630d3/3a21517c170f4b97844e774094a3a3c7.jpeg,Sketchfab 渲染图
Sci-Fi Plant Capsule,3D社区,Berk Gedik,2021,sketchfab,bd2d05db1bf24143ac2030c57e1eb05e,飞船|外形|3D模型|社区人气,2,♥1079 赞 · 30083 浏览。Modeling with Blender 2.92 <br> Painting with Substance Painter <br>,https://sketchfab.com/3d-models/none-bd2d05db1bf24143ac2030c57e1eb05e,https://media.sketchfab.com/models/bd2d05db1bf24143ac2030c57e1eb05e/thumbnails/f16b2f758c024415a07d6e45a5e0e916/a7dce01a8eee4ebb96faab0fe310b2a7.jpeg,Sketchfab 渲染图
FREE Sci-Fi City - public domain (CC0),3D社区,Unity Fan youtube channel,2022,sketchfab,b353532235bb4c45afeac578187c9be1,城市|氛围|3D模型|社区人气,1,"♥1043 赞 · 45766 浏览。This is public domain (CC0), I'm as the author give it away to the Wor…",https://sketchfab.com/3d-models/none-b353532235bb4c45afeac578187c9be1,https://media.sketchfab.com/models/b353532235bb4c45afeac578187c9be1/thumbnails/a35f0af1c1cc4d6ba6fba8776001fe58/e1ed0dc2b0d14b67be840d7ebb6ec8d5.jpeg,Sketchfab 渲染图
Valkyrie,3D社区,McCarthy3D,2017,sketchfab,9ae1ab75f5a64d16b11371913fc932e9,引擎|推进|3D模型|社区人气,3,"♥1038 赞 · 82866 浏览。Meet the Valkyrie, a spaceship designed for long range recon. It has a…",https://sketchfab.com/3d-models/none-9ae1ab75f5a64d16b11371913fc932e9,https://media.sketchfab.com/models/9ae1ab75f5a64d16b11371913fc932e9/thumbnails/c53c6ae1319c40a3b0076a6e9419d4d0/0b84aa4103664bee974f44f75b1b61c4.jpeg,Sketchfab 渲染图
Xian SpaceShip,3D社区,Valerii Kharitonov,2021,sketchfab,0c414ddf4dfa419983ae5574da3a5242,飞船|外形|3D模型|社区人气,2,♥1013 赞 · 43640 浏览。Quickly made game-ready model in seven days for the employer from the …,https://sketchfab.com/3d-models/none-0c414ddf4dfa419983ae5574da3a5242,https://media.sketchfab.com/models/0c414ddf4dfa419983ae5574da3a5242/thumbnails/f6a5bcef46c240c4af44c40c9ba68ff8/10c296604ca6480cb05005337765ea08.jpeg,Sketchfab 渲染图
'Dawn' - Halo 4 Lowpoly Pixel Fanart,3D社区,SULLY,2018,sketchfab,55df6c934d824c478f1a34efe37a1be6,飞船|外形|3D模型|社区人气,2,"♥1012 赞 · 43222 浏览。""Wake up Chief, I need you.""  This was one of the most detailed pixel …",https://sketchfab.com/3d-models/none-55df6c934d824c478f1a34efe37a1be6,https://media.sketchfab.com/models/55df6c934d824c478f1a34efe37a1be6/thumbnails/40bdf338f0e6467181f29962417b934e/a27bb225da3a494abee55384b6f0bdef.jpeg,Sketchfab 渲染图
Sci Fi Hallway FREE,3D社区,Seesha,2024,sketchfab,44fd25310d2240908027390a078368e1,走廊|环境|3D模型|社区人气,1,"♥986 赞 · 33052 浏览。Hey! Sci-fi corridor FREE version The pack includes separate floor, wa…",https://sketchfab.com/3d-models/none-44fd25310d2240908027390a078368e1,https://media.sketchfab.com/models/44fd25310d2240908027390a078368e1/thumbnails/74fd0ee7a4f24639b5889a05e7cbf053/74ee6e9bbbcc4d6498800ca46a1cd81d.jpeg,Sketchfab 渲染图
CLASS-3 FIGHTER SPACESHIP HODBIN - FREE MODEL,3D社区,Kerem Kavalci,2024,sketchfab,3451df5fb9d34cd98c3f63cfc0321dd3,飞船|外形|3D模型|社区人气,2,♥972 赞 · 45252 浏览。Fighter spaceship with **4K Textures** and **3 different color** optio…,https://sketchfab.com/3d-models/none-3451df5fb9d34cd98c3f63cfc0321dd3,https://media.sketchfab.com/models/3451df5fb9d34cd98c3f63cfc0321dd3/thumbnails/827e34e204ba4bbcadd766efeab6e699/48ad7ca0805d4c67987b7cbf8470b119.jpeg,Sketchfab 渲染图
International Space Station - Interior,3D社区,Raiz,2019,sketchfab,7753b422ca8046b4ae783d44b2bd6cfc,内部结构|空间站|3D模型|社区人气,3,♥908 赞 · 97482 浏览。**Photogrammetry ISS reconstruction from NASA video.** **Set textures …,https://sketchfab.com/3d-models/none-7753b422ca8046b4ae783d44b2bd6cfc,https://media.sketchfab.com/models/7753b422ca8046b4ae783d44b2bd6cfc/thumbnails/b586a85afd61433095d629a14ea7169d/65e05dbcfed841829e59cfdad22a52d6.jpeg,Sketchfab 渲染图
Space Ship,3D社区,Comrade1280,2015,sketchfab,63ce372c1aa843e98bf1548109e055d8,飞船|外形|3D模型|社区人气,2,♥907 赞 · 35128 浏览。,https://sketchfab.com/3d-models/none-63ce372c1aa843e98bf1548109e055d8,https://media.sketchfab.com/models/63ce372c1aa843e98bf1548109e055d8/thumbnails/e35c529a1a474272ae38177b3e6e0c7a/c5c2448b44f841a7b04174f145f20443.jpeg,Sketchfab 渲染图
SciFi-Corridor (Sky Palace),3D社区,Polsaris,2022,sketchfab,3aadc98fb4294ddb8889a297337ffa30,走廊|环境|3D模型|社区人气,1,♥892 赞 · 23969 浏览。Have Fun,https://sketchfab.com/3d-models/none-3aadc98fb4294ddb8889a297337ffa30,https://media.sketchfab.com/models/3aadc98fb4294ddb8889a297337ffa30/thumbnails/06f6b51c9699468697f1429bbc0330d5/791a2108506c47b0bc9ba05901b3be23.jpeg,Sketchfab 渲染图
"AJF-12 ""Dvergr""",3D社区,Star Conflict,2015,sketchfab,ecc16e103e79448faf9730f172a1d7e8,驾驶舱|内部|3D模型|社区人气,3,"♥845 赞 · 36700 浏览。After the start of the Invasion, the already strong military industry …",https://sketchfab.com/3d-models/none-ecc16e103e79448faf9730f172a1d7e8,https://media.sketchfab.com/models/ecc16e103e79448faf9730f172a1d7e8/thumbnails/7498ffc2114c4e56a0becd66df5b6805/1024.jpeg,Sketchfab 渲染图
LIGHT FIGHTER SPACESHIP - FREE -,3D社区,Kerem Kavalci,2024,sketchfab,51616ef53af84fe595c5603cd3e0f3e1,飞船|外形|3D模型|社区人气,2,♥818 赞 · 37914 浏览。LIGHT FIGHTER SPACESHIP. MADE WITH BLENDER 4.0 AND SUBSTANCE PAINTER. …,https://sketchfab.com/3d-models/none-51616ef53af84fe595c5603cd3e0f3e1,https://media.sketchfab.com/models/51616ef53af84fe595c5603cd3e0f3e1/thumbnails/96db7103a8f14be79ecfc6174182c043/86cdee64c76a43e5ab741527d20fdf76.jpeg,Sketchfab 渲染图
Star Wars: Imperial II Star Destroyer,3D社区,Daniel,2016,sketchfab,b8bd2d35f7604670ab85242c06c6d280,主力舰|巨构|3D模型|社区人气,4,♥816 赞 · 173439 浏览。Model done in Blender 3D Reuploaded 2021-06-21.,https://sketchfab.com/3d-models/none-b8bd2d35f7604670ab85242c06c6d280,https://media.sketchfab.com/models/b8bd2d35f7604670ab85242c06c6d280/thumbnails/85fa29439b474ce188465801c938fbbf/9bd32b5c4ad84e99a557ea9e0acc92c9.jpeg,Sketchfab 渲染图
scifi platform stage scene baked,3D社区,McWinterL,2023,sketchfab,64adb59a716d43e5a8705ff6fe86c0ce,内部结构|空间站|3D模型|社区人气,3,♥680 赞 · 36404 浏览。This is an interior view of a futuristic space station. Designed in an…,https://sketchfab.com/3d-models/none-64adb59a716d43e5a8705ff6fe86c0ce,https://media.sketchfab.com/models/64adb59a716d43e5a8705ff6fe86c0ce/thumbnails/78f7bd4c3626490aaddcaea349517f63/c447af11ed7e4c6d9ae7e8dd66e32a17.jpeg,Sketchfab 渲染图
Spaceship,3D社区,Kyan0s,2018,sketchfab,112f726de5944fdc9b7b9bc5b3f9d4e3,引擎|推进|3D模型|社区人气,3,♥679 赞 · 44668 浏览。A **spaceship** i've made with **Blender** and **Gimp**.,https://sketchfab.com/3d-models/none-112f726de5944fdc9b7b9bc5b3f9d4e3,https://media.sketchfab.com/models/112f726de5944fdc9b7b9bc5b3f9d4e3/thumbnails/f1ef8360c8d240e6a8a46a5b16d430e9/a1c7fc9ea8d843759095b204fc2f1d54.jpeg,Sketchfab 渲染图
Top Down Scifi Industrial platforms,3D社区,R-LAB,2019,sketchfab,86245425f3d0468eb70456528b399f90,引擎|推进|3D模型|社区人气,3,♥675 赞 · 17493 浏览。A neat collection of modular platforms that can be snapped together to…,https://sketchfab.com/3d-models/none-86245425f3d0468eb70456528b399f90,https://media.sketchfab.com/models/86245425f3d0468eb70456528b399f90/thumbnails/407b8aae706d4c67ab8a454ed3ecea50/9c5987d2e4dd40abbe4e17e637519ba6.jpeg,Sketchfab 渲染图
MM-003 Maintenance Module Prototype,3D社区,mjeff,2021,sketchfab,15c3d40df5e644e782b22d2850d0cf54,栖息地|生态|3D模型|社区人气,4,♥417 赞 · 12076 浏览。The MM-003 is designed to function in space with various use cases suc…,https://sketchfab.com/3d-models/none-15c3d40df5e644e782b22d2850d0cf54,https://media.sketchfab.com/models/15c3d40df5e644e782b22d2850d0cf54/thumbnails/9c3014ece26d4fa2893ed8d0bc5bb461/d87680eb86c54546864600ba0e66b8a8.jpeg,Sketchfab 渲染图
Volaspire - Air Habitat/Transportation System,3D社区,Glen Johnson,2018,sketchfab,bac0fce4bc37425fb3a4596d02b95514,栖息地|生态|3D模型|社区人气,4,♥379 赞 · 9573 浏览。This is for the MasterpieceVR “Imagine And Create A Sustainable Future…,https://sketchfab.com/3d-models/none-bac0fce4bc37425fb3a4596d02b95514,https://media.sketchfab.com/models/bac0fce4bc37425fb3a4596d02b95514/thumbnails/4d4f0db4030c47f99ce80eb160fa202f/d8b3472c9bfa4e758d4a1a5a8883ae4b.jpeg,Sketchfab 渲染图
General Ship Repair,3D社区,Katie Wolfe,2022,sketchfab,ee2536a947c24610a21ddf7fd66be598,世代飞船|巨构|3D模型|社区人气,4,"♥361 赞 · 13275 浏览。""General Ship Repair maintains the rich ship building tradition so lon…",https://sketchfab.com/3d-models/none-ee2536a947c24610a21ddf7fd66be598,https://media.sketchfab.com/models/ee2536a947c24610a21ddf7fd66be598/thumbnails/99bd8a5d07964c759c993544f8d8fdb6/56f7a21241c343a89c11aa48618d93c3.jpeg,Sketchfab 渲染图
Space Colony B,3D社区,Giimann,2020,sketchfab,cbb51802d9ab42128ca304aaacf0bb4b,殖民地|栖息地|3D模型|社区人气,4,♥361 赞 · 19325 浏览。Detailed 3d model of a Sci-fi space station.  Circular structure is an…,https://sketchfab.com/3d-models/none-cbb51802d9ab42128ca304aaacf0bb4b,https://media.sketchfab.com/models/cbb51802d9ab42128ca304aaacf0bb4b/thumbnails/6b02bdf0ab6246fab9c7f9e92244edf9/5064697edb754f29ae579f55fcd9e062.jpeg,Sketchfab 渲染图
Space Colony Modular Kit Bash,3D社区,R-LAB,2022,sketchfab,1ac694729ad04977ba93dafa66914aff,殖民地|栖息地|3D模型|社区人气,4,♥310 赞 · 11306 浏览。Video Link of what you can achieve with these pieces: https://youtu.be…,https://sketchfab.com/3d-models/none-1ac694729ad04977ba93dafa66914aff,https://media.sketchfab.com/models/1ac694729ad04977ba93dafa66914aff/thumbnails/11c338cf0b6b491aa9c4bb7ebbeafaa9/53a077f4952747c292bb2d832c460839.jpeg,Sketchfab 渲染图
Retro Modular Sci-fi Environment Kit-bash,3D社区,ShaunTWilliams,2018,sketchfab,ebd9a103b59a4e9fa432940694e2fddd,殖民地|栖息地|3D模型|社区人气,4,♥283 赞 · 24315 浏览。Retro Styled Sci-fi Interior Kitbash with a theme of late 80`s vision …,https://sketchfab.com/3d-models/none-ebd9a103b59a4e9fa432940694e2fddd,https://media.sketchfab.com/models/ebd9a103b59a4e9fa432940694e2fddd/thumbnails/0811eb197c8a461188fe3d9b5ff5b03b/08d0f314a2c545b0833b78e132bf2b5e.jpeg,Sketchfab 渲染图
Spaceship 4,3D社区,re1monsen,2023,sketchfab,a202b7aeace74902aa006defa33c55f6,世代飞船|巨构|3D模型|社区人气,4,♥273 赞 · 11244 浏览。Procedural Modeling and AI Texture generation.  Thanks for all the sup…,https://sketchfab.com/3d-models/none-a202b7aeace74902aa006defa33c55f6,https://media.sketchfab.com/models/a202b7aeace74902aa006defa33c55f6/thumbnails/57556bab3695468ba5462f9ae04252a3/5fcd292b2926439c9ee8d7468cc7d8b0.jpeg,Sketchfab 渲染图
Sky Cruiser,3D社区,R-LAB,2017,sketchfab,6f7851a1ba094f27893af02cd971e30c,主力舰|巨构|3D模型|社区人气,4,♥258 赞 · 8669 浏览。Designed for use in video games this sky cruiser serves as a battle co…,https://sketchfab.com/3d-models/none-6f7851a1ba094f27893af02cd971e30c,https://media.sketchfab.com/models/6f7851a1ba094f27893af02cd971e30c/thumbnails/df256507dfe2428684e2f5e3f89ae9ce/58d1b3d649fa4673808ef46af135637e.jpeg,Sketchfab 渲染图
UNSC Phoenix-class assault ship,3D社区,Malcontent1692,2017,sketchfab,295e247b8c7f4beb8c2d19d7c3a4bb0b,殖民地|栖息地|3D模型|社区人气,4,"♥251 赞 · 30074 浏览。After several weeks of work both creating and optimizing the model, an…",https://sketchfab.com/3d-models/none-295e247b8c7f4beb8c2d19d7c3a4bb0b,https://media.sketchfab.com/models/295e247b8c7f4beb8c2d19d7c3a4bb0b/thumbnails/3c1c3cd697e04a6c91c801a9d064199b/27385b6519914560adcf9d710294e7a0.jpeg,Sketchfab 渲染图
Space Colony Zeta,3D社区,skartemka,2015,sketchfab,8c04e7915e2949bb8606f9369559cd24,殖民地|栖息地|3D模型|社区人气,4,"♥187 赞 · 6528 浏览。Character made for a projects ""SCZ ™"" Made by Artyom Antipov and Dmitr…",https://sketchfab.com/3d-models/none-8c04e7915e2949bb8606f9369559cd24,https://media.sketchfab.com/models/8c04e7915e2949bb8606f9369559cd24/thumbnails/def3112f69da4edda109db872d4d15c9/1817bb9fbb3c4c18b02ed647b91f8e1e.jpeg,Sketchfab 渲染图
Modular Ring,3D社区,d880,2016,sketchfab,bc9817cdb102430f8198584ea1081650,栖息地|生态|3D模型|社区人气,4,♥172 赞 · 5063 浏览。,https://sketchfab.com/3d-models/none-bc9817cdb102430f8198584ea1081650,https://media.sketchfab.com/models/bc9817cdb102430f8198584ea1081650/thumbnails/c7f475b8c95a4effb4ed8680c6623f7c/1024.jpeg,Sketchfab 渲染图
Icarus Space Station,3D社区,ShaunTWilliams,2018,sketchfab,25b3b49c4e9649a89566ae3783032e40,栖息地|生态|3D模型|社区人气,4,♥155 赞 · 10031 浏览。Icarus Space Station - orbital  The Icarus space station is a huge and…,https://sketchfab.com/3d-models/none-25b3b49c4e9649a89566ae3783032e40,https://media.sketchfab.com/models/25b3b49c4e9649a89566ae3783032e40/thumbnails/9a8b344fcc7d4da8a74630b9d074f37e/4ae1186d8a294301bc4e29be33301642.jpeg,Sketchfab 渲染图
